{
  "builders": [
    {
      "type": "amazon-ebs",
      "region": "us-east-1",
      "instance_type": "t3.medium",
      "source_ami_filter": {
        "filters": {
          "virtualization-type": "hvm",
          "name": "*Windows_Server-2012-R2*English-64Bit-Base*",
          "root-device-type": "ebs"
        },
        "most_recent": true,
        "owners": "amazon"
      },
      "ami_name": "packer-demo-{{timestamp}}",
      "user_data_file": "./example3.txt",
      "communicator": "winrm",
      "winrm_username": "Administrator",
      "winrm_password": "SuperSecret123!"
    }
  ],
  "provisioners": [
    {
      "type": "powershell",
      "environment_vars": ["DEVOPS_LIFE_IMPROVER=PACKER"],
      "inline": [
        "Write-Host \"HELLO NEW USER; WELCOME TO $Env:DEVOPS_LIFE_IMPROVER\"",
        "Write-Host \"You need to use backtick escapes when using\"",
        "Write-Host \"characters such as DOLLAR`$ directly in a command\"",
        "Write-Host \"or in your own scripts.\""
      ]
    },
    {
      "type": "windows-restart"
    },
    {
      "script": "./example3.ps1",
      "type": "powershell",
      "environment_vars": [
        "VAR1=A$Dollar",
        "VAR2=A`Backtick",
        "VAR3=A'SingleQuote",
        "VAR4=A\"DoubleQuote"
      ]
    }
  ]
}